{
  "id": "the-hollow-world-of-aekko",
  "title": "The Hollow World of Aekko",
  "version": "1.1.5",
  "compatibility": {
    "minimum": "11.0",
    "verified": "12.331"
  },
  "flags": {
    "dnd5e": {
      "spellLists": [
        "Compendium.the-hollow-world-of-aekko.journals.JournalEntry.gSpat63A6KU5psqo.JournalEntryPage.SgW25Yi1tk1XPUdq",
        "Compendium.the-hollow-world-of-aekko.journals.JournalEntry.gSpat63A6KU5psqo.JournalEntryPage.wVarbpn1k1c3cFLR",
        "Compendium.the-hollow-world-of-aekko.journals.JournalEntry.gSpat63A6KU5psqo.JournalEntryPage.Vy2rNzDXs07GqBdc",
        "Compendium.the-hollow-world-of-aekko.journals.JournalEntry.gSpat63A6KU5psqo.JournalEntryPage.PnOBNGdtUqebD6xr",
        "Compendium.the-hollow-world-of-aekko.journals.JournalEntry.gSpat63A6KU5psqo.JournalEntryPage.zYIx6Ftqvrr0gnfV",
        "Compendium.the-hollow-world-of-aekko.journals.JournalEntry.gSpat63A6KU5psqo.JournalEntryPage.87jVCA00fxyB8V3P",
        "Compendium.the-hollow-world-of-aekko.journals.JournalEntry.gSpat63A6KU5psqo.JournalEntryPage.4Cx6eRVIZhaN37q7",
        "Compendium.the-hollow-world-of-aekko.journals.JournalEntry.gSpat63A6KU5psqo.JournalEntryPage.ynOC2YWsdSA5M8q6",
        "Compendium.the-hollow-world-of-aekko.journals.JournalEntry.gSpat63A6KU5psqo.JournalEntryPage.HKS9dQZrJSs2EPAr",
        "Compendium.the-hollow-world-of-aekko.journals.JournalEntry.gSpat63A6KU5psqo.JournalEntryPage.exdvE0CRh1LZKrQA",
        "Compendium.the-hollow-world-of-aekko.journals.JournalEntry.gSpat63A6KU5psqo.JournalEntryPage.LgKGkklQNPxlPezO"
      ]
    }
  },
  "esmodules":["aekko-module.js"],
  "relationships": {
    "systems": [
      {
        "id": "dnd5e",
        "type": "system",
        "compatibility": {}
      }
    ],
    "requires": [
      {
        "id": "ATL",
        "type": "module",
        "compatibility": {}
      },
      {
        "id": "itemacro",
        "type": "module",
        "compatibility": {}
      },
      {
        "id": "beavers-crafting",
        "type": "module",
        "compatibility": {}
      },
      {
        "id": "beavers-system-interface",
        "type": "module",
        "compatibility": {}
      },
      {
        "id": "bsa-dnd5e",
        "type": "module",
        "compatibility": {}
      },
      {
        "id": "item-tags",
        "type": "module",
        "compatibility": {}
      },
      {
        "id": "debugger",
        "type": "module",
        "compatibility": {}
      },
      {
        "id": "vtta-tokenizer",
        "type": "module",
        "compatibility": {}
      }
    ],
    "recommends": [
      {
        "id": "dae",
        "type": "module",
        "compatibility": {}
      },
      {
        "id": "midi-qol",
        "type": "module",
        "compatibility": {}
      },
      {
        "id": "too-many-tokens-dnd",
        "type": "module",
        "compatibility": {}
      }
    ]
  },
  "description": "A content pack for all things Aekko. In these compendiums you may find Adventuring Gear, Potions, Arcsthetics, and more!",
  "authors": [
    {
      "name": "Heckin War",
      "discord": "heckinwar",
      "url": "https://www.worldanvil.com/w/aekko-heckinwar",
      "flags": {}
    },
    {
      "name": "Bryan Bunches",
      "discord": "bryanbunches",
      "flags": {}
    }
  ],
  "url": "https://github.com/HeckinWar/The-Hollow-World-of-Aekko",
  "manifest": "https://github.com/HeckinWar/The-Hollow-World-of-Aekko/releases/download/1.0.0/module.json",
  "download": "https://github.com/HeckinWar/The-Hollow-World-of-Aekko/releases/download/1.0.0/The-Hollow-World-of-Aekko.zip",
  "packs": [
    {
      "name": "adventuring-gear-5e",
      "label": "Adventuring Gear - 5e",
      "path": "packs/adventuring-gear-5e",
      "type": "Item",
      "system": "dnd5e",
      "ownership": {
        "PLAYER": "OBSERVER",
        "ASSISTANT": "OWNER"
      }
    },
    {
      "name": "potions",
      "label": "Potions",
      "path": "packs/potions",
      "type": "Item",
      "system": "dnd5e",
      "ownership": {
        "PLAYER": "OBSERVER",
        "ASSISTANT": "OWNER"
      }
    },
    {
      "name": "weapons",
      "label": "Armor & Weapons",
      "path": "packs/weapons",
      "type": "Item",
      "system": "dnd5e",
      "ownership": {
        "PLAYER": "OBSERVER",
        "ASSISTANT": "OWNER"
      }
    },
    {
      "name": "enchantments",
      "label": "Enchantments",
      "path": "packs/enchantments",
      "type": "Item",
      "system": "dnd5e",
      "ownership": {
        "PLAYER": "OBSERVER",
        "ASSISTANT": "OWNER"
      }
    },
    {
      "name": "arcsthetics",
      "label": "Arcsthetics",
      "path": "packs/arcsthetics",
      "type": "Item",
      "system": "dnd5e",
      "ownership": {
        "PLAYER": "OBSERVER",
        "ASSISTANT": "OWNER"
      }
    },
    {
      "name": "random-tables",
      "label": "Random Tables",
      "path": "packs/random-tables",
      "type": "RollTable",
      "system": "dnd5e",
      "ownership": {
        "PLAYER": "OBSERVER",
        "ASSISTANT": "OWNER"
      }
    },
    {
      "name": "creatures",
      "label": "Creatures",
      "path": "packs/creatures",
      "type": "Actor",
      "system": "dnd5e",
      "ownership": {
        "PLAYER": "OBSERVER",
        "ASSISTANT": "OWNER"
      }
    },
    {
      "name": "creature-feats",
      "label": "Creature Feats",
      "path": "packs/creature-feats",
      "type": "Item",
      "system": "dnd5e",
      "ownership": {
        "PLAYER": "OBSERVER",
        "ASSISTANT": "OWNER"
      }
    },
    {
      "name": "spells",
      "label": "Spells",
      "path": "packs/spells",
      "type": "Item",
      "system": "dnd5e",
      "ownership": {
        "PLAYER": "OBSERVER",
        "ASSISTANT": "OWNER"
      }
    },
    {
      "name": "player-features",
      "label": "Player Features",
      "path": "packs/player-features",
      "type": "Item",
      "system": "dnd5e",
      "ownership": {
        "PLAYER": "OBSERVER",
        "ASSISTANT": "OWNER"
      }
    },
    {
      "name": "backgrounds",
      "label": "Backgrounds",
      "path": "packs/backgrounds",
      "type": "Item",
      "system": "dnd5e",
      "ownership": {
        "PLAYER": "OBSERVER",
        "ASSISTANT": "OWNER"
      }
    },
    {
      "name": "macros",
      "label": "Macros",
      "path": "packs/macros",
      "type": "Macro",
      "system": "dnd5e",
      "ownership": {
        "PLAYER": "OBSERVER",
        "ASSISTANT": "OWNER"
      }
    },
    {
      "name": "materials",
      "label": "Materials",
      "path": "packs/materials",
      "type": "Item",
      "system": "dnd5e",
      "ownership": {
        "PLAYER": "OBSERVER",
        "ASSISTANT": "OWNER"
      }
    },
    {
      "name": "journals",
      "label": "Rules",
      "path": "packs/journals",
      "type": "JournalEntry",
      "system": "dnd5e",
      "ownership": {
        "PLAYER": "OBSERVER",
        "ASSISTANT": "OWNER"
      }
    }
  ],
  "packFolders":[
    {
      "name": "The Hollow World of Aekko",
      "sorting": "a",
      "color": "#3570d0",
      "packs": [
        "macros", 
        "random-tables", 
        "journals"
      ],
      "folders":[
        {
          "name": "Actors",
          "sorting": "a",
          "color": "#245bb2",
          "packs":[
            "creatures",
            "creature-feats"
          ]
        },
        {
          "name":"Backgrounds, Feats, & Spells",
          "sorting":"a",
          "color":"#184a9a",
          "packs":[
            "arcsthetics",
            "backgrounds",
            "player-features",
            "spells"
          ]
        },
        {
          "name":"Crafting, Items, & Gear",
          "sorting":"a",
          "color":"#0e3c86",
          "packs":[
            "adventuring-gear-5e",
            "weapons",
            "enchantments",
            "materials",
            "potions"
          ]
        }
      ]
    }
  ]
}